SET NAMES UTF8;
DROP DATABASE IF EXISTS hzy;
CREATE DATABASE hzy CHARSET=UTF8;
USE hzy;
#用户表
CREATE TABLE hzy_user(
  uid INT PRIMARY KEY AUTO_INCREMENT,
  uname VARCHAR(32) UNIQUE,
  upwd VARCHAR(32),
  email VARCHAR(64),
  phone VARCHAR(16),
  avatar VARCHAR(128),
  user_name VARCHAR(32),
  gender INT
);
INSERT INTO hzy_user VALUES
(NULL,'zhaoheng ','123456','zhaoheng@tedu.cn','18631599463',NULL,'赵恒','1'),
(NULL,'zhao','123456','zhao@tedu.cn','13731453928',NULL,'赵','1');
#首页轮播广告图片表
CREATE TABLE hzy_index_carousel(
  cid INT PRIMARY KEY AUTO_INCREMENT,
  img VARCHAR(128),
  title VARCHAR(64),
  href VARCHAR(128)
);
INSERT INTO hzy_index_carousel VALUES
(NULL,'img/banner/1.jpg','全解析实战课程','product_details.html'),
(NULL,'img/banner/2.jpg','全解析实战课程','product_details.html'),
(NULL,'img/banner/3.jpg','全解析实战课程','product_details.html'),
(NULL,'img/banner/4.jpg','全解析实战课程','product_details.html'),
(NULL,'img/banner/5.jpg','全解析实战课程','product_details.html'),
(NULL,'img/banner/6.jpg','全解析实战课程','product_details.html'),
(NULL,'img/banner/7.jpg','全解析实战课程','product_details.html'),
(NULL,'img/banner/8.jpg','全解析实战课程','product_details.html'),
(NULL,'img/banner/9.jpg','全解析实战课程','product_details.html');
#手机商品表
CREATE TABLE hzy_laptop_phone(
   lid int(11) PRIMARY KEY auto_increment,
  fid int(11),
  title varchar(128),
  price decimal(10,2),
  memory varchar(32),
  spec varchar(64),
  net varchar(64),
  color varchar(32),
  video_memory varchar(32)
);
INSERT INTO hzy_laptop_phone VALUES
(NULL,1,'Apple iPhone 8(A1863) 256GB 深空灰色 移动联通电信4G手机','6088.00','256GB','5.8英寸','全网通4G','深空灰色','4GB'),
(NULL,1,'Apple iPhone 7PLUS 32GB 黑色 移动联通电信4G手机','5188.00','32GB','5.8英寸','全网通4G','黑色','4GB'),
(NULL,1,'Apple iPhone 8 Plus (A1864) 256GB 银色 移动联通电信4G手机','6988.00','256GB','5.8英寸','全网通4G','银色','4GB'),
(NULL,1,'Apple iPhone 8 Plus (A1864) 64GB 金色 移动联通电信4G手机','5758.00','64GB','5.8英寸','全网通4G','金色','4GB'),
(NULL,1,'Apple iPhone 8 Plus (A1864) 64GB 深空灰色 移动联通电信4G手机','5758.00','64GB','5.8英寸','全网通4G','深空灰色','4GB'),
(NULL,1,'苹果(Apple) iPhone X 64GB 银色 移动联通电信4G手机','7988.00','64GB','5.8英寸','全网通4G','银色','4GB'),
(NULL,1,'Apple iPhone 8 Plus (A1864) 256GB 深空灰色 移动联通电信4G手机','6988.00','256GB','5.8英寸','全网通4G','深空灰色','4GB'),
(NULL,1,'Apple iPhone 7PLUS 128GB 黑色 移动联通电信4G手机','6199.00','128GB','5.8英寸','全网通4G','黑色','4GB'),
(NULL,1,'Apple iPhone 7PLUS 128GB 亮黑 移动联通电信4G手机','6199.00','128GB','5.8英寸','全网通4G','亮黑','4GB'),
(NULL,1,'Apple iPhone 8 Plus (A1864) 64GB 银色 移动联通电信4G手机','5758.00','64GB','5.8英寸','全网通4G','银色','4GB'),
(NULL,1,'Apple iPhone 7PLUS 32GB 银色 移动联通电信4G手机','5188.00','32GB','5.8英寸','全网通4G','银色','4GB'),
(NULL,1,'苹果(Apple) iPhone X 256GB 银色 移动联通电信4G手机','8788.00','256GB','5.8英寸','全网通4G','银色','4GB'),
(NULL,1,'Apple iPhone 7PLUS 32GB 金色 移动联通电信4G手机','5188.00','32GB','5.8英寸','全网通4G','金色','4GB'),
(NULL,1,'Apple iPhone 8 (A1863) 256GB 银色 移动联通电信4G手机','6088.00','256GB','5.8英寸','全网通4G','银色','4GB'),
(NULL,1,'Apple iPhone 8 (A1863) 256GB 金色 移动联通电信4G手机','6088.00','32GB','5.8英寸','全网通4G','金色','4GB'),
(NULL,1,'Apple iPhone 8 Plus (A1864) 256GB 金色 移动联通电信4G手机','6988.00','256GB','5.8英寸','全网通4G','金色','4GB'),
(NULL,1,'Apple iPhone 7 Plus 128GB 红色 移动联通电信4G手机','6688.00','128GB','5.8英寸','全网通4G','红色','4GB'),
(NULL,1,'苹果(Apple) iPhone X 64GB 灰色 移动联通电信4G手机','7988.00','64GB','5.8英寸','全网通4G','灰色','4GB'),
(NULL,1,'Apple iPhone 7PLUS 128GB 金色 移动联通电信4G手机','6199.00','128GB','5.8英寸','全网通4G','金色','4GB'),
(NULL,1,'Apple iPhone 7PLUS 32GB 玫瑰金 移动联通电信4G手机','5188.00','32GB','5.8英寸','全网通4G','玫瑰金','4GB'),

(NULL,2,'华为(HUAWEI) Mate RS 保时捷设计版 瑞红 全网通(6G+512G)','13999.00','512GB','5.8英寸','全网通4G','瑞红','6GB'),
(NULL,2,'华为 Mate10 保时捷设计版 6GB+256GB 钻石黑色 全网通4G手机','8988.00','256GB','5.8英寸','全网通4G','黑色','6GB'),
(NULL,2,'HUAWEI/华为P20 Pro 6GB+128GB 亮黑色 移动联通电信4G手机','5688.00','128GB','5.8英寸','全网通4G','亮黑色','6GB'),
(NULL,2,'华为 Mate 9 保时捷设计版 6GB+256GB 曜石黑 移动联通电信4G手机','9888.00','256GB','5.8英寸','全网通4G','曜石黑','6GB'),
(NULL,2,'HUAWEI/华为P20 Pro 6GB+128GB 极光色 移动联通电信4G手机','5685.00','128GB','5.8英寸','全网通4G','极光色','6GB'),
(NULL,2,'华为HUAWEI Mate 10 Pro 6GB+128GB 全网通版(银钻灰)','5188.00','128GB','5.8英寸','全网通4G','银钻灰','6GB'),
(NULL,2,'HUAWEI/华为P20 Pro 6GB+128GB 宝石蓝 移动联通电信4G手机','5688.00','128GB','5.8英寸','全网通4G','宝石蓝','6GB'),
(NULL,2,'华为(HUAWEI) Mate RS 保时捷设计版 玄黑 全网通(6G+512G)','13888.00','512GB','5.8英寸','全网通4G','玄黑','6GB'),
(NULL,2,'华为 HUAWEI P10 Plus 6GB+256GB 曜石黑 全网通','5568.00','256GB','5.8英寸','全网通4G','曜石黑','6GB'),
(NULL,2,'HUAWEI/华为P20 Pro 6GB+64GB 宝石蓝 移动联通电信4G手机','4988.00','64GB','5.8英寸','全网通4G','宝石蓝','6GB'),
(NULL,2,'HUAWEI/华为P20 Pro 6GB+64GB 亮黑色 移动联通电信4G手机','4988.00','64GB','5.8英寸','全网通4G','亮黑色','6GB'),
(NULL,2,'华为 Mate10 Pro 6GB+128GB 宝石蓝 全网通版','4988.00','128GB','5.8英寸','全网通4G','宝石蓝','6GB'),
(NULL,2,'华为 Mate10 Pro 6GB+128GB 宝石蓝 全网通版','4788.00','128GB','5.8英寸','全网通4G','宝石蓝','4GB'),
(NULL,2,'华为 Mate10 Pro (BLA-AL00) 6GB+128GB 樱粉金 全网通版','4788.00','128GB','5.8英寸','全网通4G','樱粉金','6GB'),
(NULL,2,'华为 Mate10 Pro (BLA-AL00) 6GB+128GB 摩卡 全网通版','4588.00','128GB','5.8英寸','全网通4G','摩卡','6GB'),
(NULL,2,'华为 Mate10 Pro (BLA-AL00) 6GB+128GB 银钻灰 全网通版','4588.00','128GB','5.8英寸','全网通4G','银钻灰','6GB'),
(NULL,2,'HUAWEI/华为P20 6GB+128GB 亮黑色 移动联通电信4G手机','4288.00','128GB','5.8英寸','全网通4G','亮黑色','6GB'),
(NULL,2,'HUAWEI华为P20 6GB+128GB 宝石蓝 移动联通电信4G手机','4288.00','128GB','5.8英寸','全网通4G','宝石蓝','6GB'),
(NULL,2,'HUAWEI/华为P20 6GB+128GB 樱粉金 移动联通电信4G手机','4288.00','128GB','5.8英寸','全网通4G','樱粉金','6GB'),
(NULL,2,'HUAWEI/华为P20 6GB+128GB 香槟金 移动联通电信4G手机','4288.00','128GB','5.8英寸','全网通4G','香槟金','6GB'),

(NULL,3,'OPPO R15 梦境版 全面双摄拍照手机 6G+128G 陶瓷黑 全网通版','3459.00','128GB','5.8英寸','全网通4G','陶瓷黑','6GB'),
(NULL,3,'OPPO R11 Plus 6G+64G 全网通4G手机','3288.00','64GB','5.8英寸','全网通4G','金色','6GB'),
(NULL,3,'OPPO R11s Plus 6G+64G 香槟色 移动联通电信4G手机','3188.00','64GB','5.8英寸','全网通4G','香槟色','6GB'),
(NULL,3,'OPPO R11s Plus 6G+64G 黑色版 移动联通电信4G手机 双卡双待','3288.00','64GB','5.8英寸','全网通4G','黑色','6GB'),
(NULL,3,'OPPO R15 6GB+128GB 全面屏双摄拍照手机 星空紫 全网通版','2988.00','128GB','5.8英寸','全网通4G','星空紫','6GB'),
(NULL,3,'OPPO R15 6GB+128GB 全面屏双摄拍照手机 雪盈白 全网通版','2948.00','128GB','5.8英寸','全网通4G','雪盈白','6GB'),
(NULL,3,'OPPO R15 6GB+128GB 全面屏双摄拍照手机 红色 全网通版','2988.00','128GB','5.8英寸','全网通4G','红色','6GB'),
(NULL,3,'OPPO R11s 4GB+64GB 红色版 移动联通电信4G','2888.00','64GB','5.8英寸','全网通4G','红色','4GB'),
(NULL,3,'OPPO R11s 4GB+64GB 黑色版 移动联通电信4G手机 双卡双待','2748.00','64GB','5.8英寸','全网通4G','黑色','4GB'),
(NULL,3,'OPPO R11s 4GB+64GB 香槟色 移动联通电信4G手机 双卡双待','2688.00','64GB','5.8英寸','全网通4G','香槟色','4GB'),
(NULL,3,'OPPO R9s 4GB+64GB 金色 全网通4G手机','2588.00','64GB','5.8英寸','全网通4G','金色','4GB'),
(NULL,3,'OPPO A79 4GB+64GB 香槟色 全面屏移动联通电信4G手机','1988.00','64GB','5.8英寸','全网通4G','香槟色','4GB'),
(NULL,3,'OPPO A77 4GB+64GB 玫瑰金 全网通4G手机 双卡双待','2088.00','64GB','5.8英寸','全网通4G','玫瑰金','4GB'),
(NULL,3,'OPPO A77 4GB+64GB 黑色 全网通版 双卡双待','1988.00','64GB','5.8英寸','全网通4G','黑色','4GB'),
(NULL,3,'OPPO A77 4GB+64GB 金色 全网通版 双卡双待','1988.00','64GB','5.8英寸','全网通4G','金色','4GB'),
(NULL,3,'OPPO A73 4GB+32GB 香槟色 全面屏移动联通电信4G手机oppoa73','1799.00','32GB','5.8英寸','全网通4G','香槟色','4GB'),
(NULL,3,'OPPO A73 4GB+32GB 黑色 全面屏拍照手机 全网通版 双卡双待','1588.00','32GB','5.8英寸','全网通4G','黑色','4GB'),
(NULL,3,'OPPO A77 3GB+32GB 黑色 全网通版 双卡双待','1599.00','32GB','5.8英寸','全网通4G','黑色','3GB'),
(NULL,3,'OPPO A77 3GB+32GB 粉色 全网通版 双卡双待','1488.00','32GB','5.8英寸','全网通4G','粉色','3GB'),
(NULL,3,'OPPO A77 3GB+32GB 金色 全网通版 双卡双待','1588.00','32GB','5.8英寸','全网通4G','金色','3GB');

#手机商品分类表
CREATE TABLE hzy_laptop_family_phone(
  fid int(11) PRIMARY KEY auto_increment,
  fname varchar(32)
);
INSERT INTO hzy_laptop_family_phone VALUES
(1,'Apple'),
(2,'华为'),
(3,'oppo'),
(4,'vivo'),
(5,'三星'),
(6,'联想'),
(7,'小米'),
(8,'魅族'),
(9,'其他品牌');
#商品图片表
CREATE TABLE hzy_laptop_pic(
  pid int(11) PRIMARY KEY  auto_increment,
  iid int(11),
  xs varchar(128),
  sm varchar(128),
  md varchar(128),
  lg varchar(128)
);
INSERT INTO hzy_laptop_pic VALUES
(NULL, '1', 'img/products/pic/xs/applexs/1.jpg', 'img/products/pic/sm/applesm/1.jpg', 'img/products/pic/md/applemd/1.jpg','img/products/pic/lg/applelg/1.jpg'),
(NULL, '1', 'img/products/pic/xs/applexs/2.jpg', 'img/products/pic/sm/applesm/1.jpg', 'img/products/pic/md/applemd/2.jpg','img/products/pic/lg/applelg/2.jpg'),
(NULL, '1', 'img/products/pic/xs/applexs/3.jpg', 'img/products/pic/sm/applesm/1.jpg', 'img/products/pic/md/applemd/3.jpg','img/products/pic/lg/applelg/3.jpg'),
(NULL, '2', 'img/products/pic/xs/applexs/1.jpg', 'img/products/pic/sm/applesm/2.jpg', 'img/products/pic/md/applemd/1.jpg','img/products/pic/lg/applelg/1.jpg'),
(NULL, '2', 'img/products/pic/xs/applexs/2.jpg', 'img/products/pic/sm/applesm/2.jpg', 'img/products/pic/md/applemd/2.jpg','img/products/pic/lg/applelg/2.jpg'),
(NULL, '2', 'img/products/pic/xs/applexs/3.jpg', 'img/products/pic/sm/applesm/2.jpg', 'img/products/pic/md/applemd/3.jpg','img/products/pic/lg/applelg/3.jpg'),
(NULL, '3', 'img/products/pic/xs/applexs/1.jpg', 'img/products/pic/sm/applesm/3.jpg', 'img/products/pic/md/applemd/1.jpg','img/products/pic/lg/applelg/1.jpg'),
(NULL, '3', 'img/products/pic/xs/applexs/2.jpg', 'img/products/pic/sm/applesm/3.jpg', 'img/products/pic/md/applemd/2.jpg','img/products/pic/lg/applelg/2.jpg'),
(NULL, '3', 'img/products/pic/xs/applexs/3.jpg', 'img/products/pic/sm/applesm/3.jpg', 'img/products/pic/md/applemd/3.jpg','img/products/pic/lg/applelg/3.jpg'),
(NULL, '4', 'img/products/pic/xs/applexs/1.jpg', 'img/products/pic/sm/applesm/4.jpg', 'img/products/pic/md/applemd/1.jpg','img/products/pic/lg/applelg/1.jpg'),
(NULL, '4', 'img/products/pic/xs/applexs/2.jpg', 'img/products/pic/sm/applesm/4.jpg', 'img/products/pic/md/applemd/2.jpg','img/products/pic/lg/applelg/2.jpg'),
(NULL, '4', 'img/products/pic/xs/applexs/3.jpg', 'img/products/pic/sm/applesm/4.jpg', 'img/products/pic/md/applemd/3.jpg','img/products/pic/lg/applelg/3.jpg'),
(NULL, '5', 'img/products/pic/xs/applexs/1.jpg', 'img/products/pic/sm/applesm/5.jpg', 'img/products/pic/md/applemd/1.jpg','img/products/pic/lg/applelg/1.jpg'),
(NULL, '5', 'img/products/pic/xs/applexs/2.jpg', 'img/products/pic/sm/applesm/5.jpg', 'img/products/pic/md/applemd/2.jpg','img/products/pic/lg/applelg/2.jpg'),
(NULL, '5', 'img/products/pic/xs/applexs/3.jpg', 'img/products/pic/sm/applesm/5.jpg', 'img/products/pic/md/applemd/3.jpg','img/products/pic/lg/applelg/3.jpg'),
(NULL, '6', 'img/products/pic/xs/applexs/1.jpg', 'img/products/pic/sm/applesm/6.jpg', 'img/products/pic/md/applemd/1.jpg','img/products/pic/lg/applelg/1.jpg'),
(NULL, '6', 'img/products/pic/xs/applexs/2.jpg', 'img/products/pic/sm/applesm/6.jpg', 'img/products/pic/md/applemd/2.jpg','img/products/pic/lg/applelg/2.jpg'),
(NULL, '6', 'img/products/pic/xs/applexs/3.jpg', 'img/products/pic/sm/applesm/6.jpg', 'img/products/pic/md/applemd/3.jpg','img/products/pic/lg/applelg/3.jpg'),
(NULL, '7', 'img/products/pic/xs/applexs/1.jpg', 'img/products/pic/sm/applesm/7.jpg', 'img/products/pic/md/applemd/1.jpg','img/products/pic/lg/applelg/1.jpg'),
(NULL, '7', 'img/products/pic/xs/applexs/2.jpg', 'img/products/pic/sm/applesm/7.jpg', 'img/products/pic/md/applemd/2.jpg','img/products/pic/lg/applelg/2.jpg'),
(NULL, '7', 'img/products/pic/xs/applexs/3.jpg', 'img/products/pic/sm/applesm/7.jpg', 'img/products/pic/md/applemd/3.jpg','img/products/pic/lg/applelg/3.jpg'),
(NULL, '8', 'img/products/pic/xs/applexs/1.jpg', 'img/products/pic/sm/applesm/8.jpg', 'img/products/pic/md/applemd/1.jpg','img/products/pic/lg/applelg/1.jpg'),
(NULL, '8', 'img/products/pic/xs/applexs/2.jpg', 'img/products/pic/sm/applesm/8.jpg', 'img/products/pic/md/applemd/2.jpg','img/products/pic/lg/applelg/2.jpg'),
(NULL, '8', 'img/products/pic/xs/applexs/3.jpg', 'img/products/pic/sm/applesm/8.jpg', 'img/products/pic/md/applemd/3.jpg','img/products/pic/lg/applelg/3.jpg'),
(NULL, '9', 'img/products/pic/xs/applexs/1.jpg', 'img/products/pic/sm/applesm/9.jpg', 'img/products/pic/md/applemd/1.jpg','img/products/pic/lg/applelg/1.jpg'),
(NULL, '9', 'img/products/pic/xs/applexs/2.jpg', 'img/products/pic/sm/applesm/9.jpg', 'img/products/pic/md/applemd/2.jpg','img/products/pic/lg/applelg/2.jpg'),
(NULL, '9', 'img/products/pic/xs/applexs/3.jpg', 'img/products/pic/sm/applesm/9.jpg', 'img/products/pic/md/applemd/3.jpg','img/products/pic/lg/applelg/3.jpg'),
(NULL, '10', 'img/products/pic/xs/applexs/1.jpg', 'img/products/pic/sm/applesm/10.jpg', 'img/products/pic/md/applemd/1.jpg','img/products/pic/lg/applelg/1.jpg'),
(NULL, '10', 'img/products/pic/xs/applexs/2.jpg', 'img/products/pic/sm/applesm/10.jpg', 'img/products/pic/md/applemd/2.jpg','img/products/pic/lg/applelg/2.jpg'),
(NULL, '10', 'img/products/pic/xs/applexs/3.jpg', 'img/products/pic/sm/applesm/10.jpg', 'img/products/pic/md/applemd/3.jpg','img/products/pic/lg/applelg/3.jpg'),
(NULL, '11', 'img/products/pic/xs/applexs/1.jpg', 'img/products/pic/sm/applesm/11.jpg', 'img/products/pic/md/applemd/1.jpg','img/products/pic/lg/applelg/1.jpg'),
(NULL, '11', 'img/products/pic/xs/applexs/2.jpg', 'img/products/pic/sm/applesm/11.jpg', 'img/products/pic/md/applemd/2.jpg','img/products/pic/lg/applelg/2.jpg'),
(NULL, '11', 'img/products/pic/xs/applexs/3.jpg', 'img/products/pic/sm/applesm/11.jpg', 'img/products/pic/md/applemd/3.jpg','img/products/pic/lg/applelg/3.jpg'),
(NULL, '12', 'img/products/pic/xs/applexs/1.jpg', 'img/products/pic/sm/applesm/12.jpg', 'img/products/pic/md/applemd/1.jpg','img/products/pic/lg/applelg/1.jpg'),
(NULL, '12', 'img/products/pic/xs/applexs/2.jpg', 'img/products/pic/sm/applesm/12.jpg', 'img/products/pic/md/applemd/2.jpg','img/products/pic/lg/applelg/2.jpg'),
(NULL, '12', 'img/products/pic/xs/applexs/3.jpg', 'img/products/pic/sm/applesm/12.jpg', 'img/products/pic/md/applemd/3.jpg','img/products/pic/lg/applelg/3.jpg'),
(NULL, '13', 'img/products/pic/xs/applexs/1.jpg', 'img/products/pic/sm/applesm/13.jpg', 'img/products/pic/md/applemd/1.jpg','img/products/pic/lg/applelg/1.jpg'),
(NULL, '13', 'img/products/pic/xs/applexs/2.jpg', 'img/products/pic/sm/applesm/13.jpg', 'img/products/pic/md/applemd/2.jpg','img/products/pic/lg/applelg/2.jpg'),
(NULL, '13', 'img/products/pic/xs/applexs/3.jpg', 'img/products/pic/sm/applesm/13.jpg', 'img/products/pic/md/applemd/3.jpg','img/products/pic/lg/applelg/3.jpg'),
(NULL, '14', 'img/products/pic/xs/applexs/1.jpg', 'img/products/pic/sm/applesm/14.jpg', 'img/products/pic/md/applemd/1.jpg','img/products/pic/lg/applelg/1.jpg'),
(NULL, '14', 'img/products/pic/xs/applexs/2.jpg', 'img/products/pic/sm/applesm/14.jpg', 'img/products/pic/md/applemd/2.jpg','img/products/pic/lg/applelg/2.jpg'),
(NULL, '14', 'img/products/pic/xs/applexs/3.jpg', 'img/products/pic/sm/applesm/14.jpg', 'img/products/pic/md/applemd/3.jpg','img/products/pic/lg/applelg/3.jpg'),
(NULL, '15', 'img/products/pic/xs/applexs/1.jpg', 'img/products/pic/sm/applesm/15.jpg', 'img/products/pic/md/applemd/1.jpg','img/products/pic/lg/applelg/1.jpg'),
(NULL, '15', 'img/products/pic/xs/applexs/2.jpg', 'img/products/pic/sm/applesm/15.jpg', 'img/products/pic/md/applemd/2.jpg','img/products/pic/lg/applelg/2.jpg'),
(NULL, '15', 'img/products/pic/xs/applexs/3.jpg', 'img/products/pic/sm/applesm/15.jpg', 'img/products/pic/md/applemd/3.jpg','img/products/pic/lg/applelg/3.jpg'),
(NULL, '16', 'img/products/pic/xs/applexs/1.jpg', 'img/products/pic/sm/applesm/16.jpg', 'img/products/pic/md/applemd/1.jpg','img/products/pic/lg/applelg/1.jpg'),
(NULL, '16', 'img/products/pic/xs/applexs/2.jpg', 'img/products/pic/sm/applesm/16.jpg', 'img/products/pic/md/applemd/2.jpg','img/products/pic/lg/applelg/2.jpg'),
(NULL, '16', 'img/products/pic/xs/applexs/3.jpg', 'img/products/pic/sm/applesm/16.jpg', 'img/products/pic/md/applemd/3.jpg','img/products/pic/lg/applelg/3.jpg'),
(NULL, '17', 'img/products/pic/xs/applexs/1.jpg', 'img/products/pic/sm/applesm/17.jpg', 'img/products/pic/md/applemd/1.jpg','img/products/pic/lg/applelg/1.jpg'),
(NULL, '17', 'img/products/pic/xs/applexs/2.jpg', 'img/products/pic/sm/applesm/17.jpg', 'img/products/pic/md/applemd/2.jpg','img/products/pic/lg/applelg/2.jpg'),
(NULL, '17', 'img/products/pic/xs/applexs/3.jpg', 'img/products/pic/sm/applesm/17.jpg', 'img/products/pic/md/applemd/3.jpg','img/products/pic/lg/applelg/3.jpg'),
(NULL, '18', 'img/products/pic/xs/applexs/1.jpg', 'img/products/pic/sm/applesm/18.jpg', 'img/products/pic/md/applemd/1.jpg','img/products/pic/lg/applelg/1.jpg'),
(NULL, '18', 'img/products/pic/xs/applexs/2.jpg', 'img/products/pic/sm/applesm/18.jpg', 'img/products/pic/md/applemd/2.jpg','img/products/pic/lg/applelg/2.jpg'),
(NULL, '18', 'img/products/pic/xs/applexs/3.jpg', 'img/products/pic/sm/applesm/18.jpg', 'img/products/pic/md/applemd/3.jpg','img/products/pic/lg/applelg/3.jpg'),
(NULL, '19', 'img/products/pic/xs/applexs/1.jpg', 'img/products/pic/sm/applesm/19.jpg', 'img/products/pic/md/applemd/1.jpg','img/products/pic/lg/applelg/1.jpg'),
(NULL, '19', 'img/products/pic/xs/applexs/2.jpg', 'img/products/pic/sm/applesm/19.jpg', 'img/products/pic/md/applemd/2.jpg','img/products/pic/lg/applelg/2.jpg'),
(NULL, '19', 'img/products/pic/xs/applexs/3.jpg', 'img/products/pic/sm/applesm/19.jpg', 'img/products/pic/md/applemd/3.jpg','img/products/pic/lg/applelg/3.jpg'),
(NULL, '20', 'img/products/pic/xs/applexs/1.jpg', 'img/products/pic/sm/applesm/20.jpg', 'img/products/pic/md/applemd/1.jpg','img/products/pic/lg/applelg/1.jpg'),
(NULL, '20', 'img/products/pic/xs/applexs/2.jpg', 'img/products/pic/sm/applesm/20.jpg', 'img/products/pic/md/applemd/2.jpg','img/products/pic/lg/applelg/2.jpg'),
(NULL, '20', 'img/products/pic/xs/applexs/3.jpg', 'img/products/pic/sm/applesm/20.jpg', 'img/products/pic/md/applemd/3.jpg','img/products/pic/lg/applelg/3.jpg'),

(NULL, '21', 'img/products/pic/xs/huaweixs/1.jpg', 'img/products/pic/sm/huaweism/1.jpg', 'img/products/pic/md/huaweimd/1.jpg','img/products/pic/lg/huaweilg/1.jpg'),
(NULL, '21', 'img/products/pic/xs/huaweixs/2.jpg', 'img/products/pic/sm/huaweism/1.jpg', 'img/products/pic/md/huaweimd/2.jpg','img/products/pic/lg/huaweilg/2.jpg'),
(NULL, '21', 'img/products/pic/xs/huaweixs/3.jpg', 'img/products/pic/sm/huaweism/1.jpg', 'img/products/pic/md/huaweimd/3.jpg','img/products/pic/lg/huaweilg/3.jpg'),
(NULL, '21', 'img/products/pic/xs/huaweixs/4.jpg', 'img/products/pic/sm/huaweism/1.jpg', 'img/products/pic/md/huaweimd/4.jpg','img/products/pic/lg/huaweilg/4.jpg'),
(NULL, '21', 'img/products/pic/xs/huaweixs/5.jpg', 'img/products/pic/sm/huaweism/1.jpg', 'img/products/pic/md/huaweimd/5.jpg','img/products/pic/lg/huaweilg/5.jpg'),
(NULL, '22', 'img/products/pic/xs/huaweixs/1.jpg', 'img/products/pic/sm/huaweism/2.jpg', 'img/products/pic/md/huaweimd/1.jpg','img/products/pic/lg/huaweilg/1.jpg'),
(NULL, '22', 'img/products/pic/xs/huaweixs/2.jpg', 'img/products/pic/sm/huaweism/2.jpg', 'img/products/pic/md/huaweimd/2.jpg','img/products/pic/lg/huaweilg/2.jpg'),
(NULL, '22', 'img/products/pic/xs/huaweixs/3.jpg', 'img/products/pic/sm/huaweism/2.jpg', 'img/products/pic/md/huaweimd/3.jpg','img/products/pic/lg/huaweilg/3.jpg'),
(NULL, '22', 'img/products/pic/xs/huaweixs/4.jpg', 'img/products/pic/sm/huaweism/2.jpg', 'img/products/pic/md/huaweimd/4.jpg','img/products/pic/lg/huaweilg/4.jpg'),
(NULL, '22', 'img/products/pic/xs/huaweixs/5.jpg', 'img/products/pic/sm/huaweism/2.jpg', 'img/products/pic/md/huaweimd/5.jpg','img/products/pic/lg/huaweilg/5.jpg'),
(NULL, '23', 'img/products/pic/xs/huaweixs/1.jpg', 'img/products/pic/sm/huaweism/3.jpg', 'img/products/pic/md/huaweimd/1.jpg','img/products/pic/lg/huaweilg/1.jpg'),
(NULL, '23', 'img/products/pic/xs/huaweixs/2.jpg', 'img/products/pic/sm/huaweism/3.jpg', 'img/products/pic/md/huaweimd/2.jpg','img/products/pic/lg/huaweilg/2.jpg'),
(NULL, '23', 'img/products/pic/xs/huaweixs/3.jpg', 'img/products/pic/sm/huaweism/3.jpg', 'img/products/pic/md/huaweimd/3.jpg','img/products/pic/lg/huaweilg/3.jpg'),
(NULL, '23', 'img/products/pic/xs/huaweixs/4.jpg', 'img/products/pic/sm/huaweism/3.jpg', 'img/products/pic/md/huaweimd/4.jpg','img/products/pic/lg/huaweilg/4.jpg'),
(NULL, '23', 'img/products/pic/xs/huaweixs/5.jpg', 'img/products/pic/sm/huaweism/3.jpg', 'img/products/pic/md/huaweimd/5.jpg','img/products/pic/lg/huaweilg/5.jpg'),
(NULL, '24', 'img/products/pic/xs/huaweixs/1.jpg', 'img/products/pic/sm/huaweism/4.jpg', 'img/products/pic/md/huaweimd/1.jpg','img/products/pic/lg/huaweilg/1.jpg'),
(NULL, '24', 'img/products/pic/xs/huaweixs/2.jpg', 'img/products/pic/sm/huaweism/4.jpg', 'img/products/pic/md/huaweimd/2.jpg','img/products/pic/lg/huaweilg/2.jpg'),
(NULL, '24', 'img/products/pic/xs/huaweixs/3.jpg', 'img/products/pic/sm/huaweism/4.jpg', 'img/products/pic/md/huaweimd/3.jpg','img/products/pic/lg/huaweilg/3.jpg'),
(NULL, '24', 'img/products/pic/xs/huaweixs/4.jpg', 'img/products/pic/sm/huaweism/4.jpg', 'img/products/pic/md/huaweimd/4.jpg','img/products/pic/lg/huaweilg/4.jpg'),
(NULL, '24', 'img/products/pic/xs/huaweixs/5.jpg', 'img/products/pic/sm/huaweism/4.jpg', 'img/products/pic/md/huaweimd/5.jpg','img/products/pic/lg/huaweilg/5.jpg'),
(NULL, '25', 'img/products/pic/xs/huaweixs/1.jpg', 'img/products/pic/sm/huaweism/5.jpg', 'img/products/pic/md/huaweimd/1.jpg','img/products/pic/lg/huaweilg/1.jpg'),
(NULL, '25', 'img/products/pic/xs/huaweixs/2.jpg', 'img/products/pic/sm/huaweism/5.jpg', 'img/products/pic/md/huaweimd/2.jpg','img/products/pic/lg/huaweilg/2.jpg'),
(NULL, '25', 'img/products/pic/xs/huaweixs/3.jpg', 'img/products/pic/sm/huaweism/5.jpg', 'img/products/pic/md/huaweimd/3.jpg','img/products/pic/lg/huaweilg/3.jpg'),
(NULL, '25', 'img/products/pic/xs/huaweixs/4.jpg', 'img/products/pic/sm/huaweism/5.jpg', 'img/products/pic/md/huaweimd/4.jpg','img/products/pic/lg/huaweilg/4.jpg'),
(NULL, '25', 'img/products/pic/xs/huaweixs/5.jpg', 'img/products/pic/sm/huaweism/5.jpg', 'img/products/pic/md/huaweimd/5.jpg','img/products/pic/lg/huaweilg/5.jpg'),
(NULL, '26', 'img/products/pic/xs/huaweixs/1.jpg', 'img/products/pic/sm/huaweism/6.jpg', 'img/products/pic/md/huaweimd/1.jpg','img/products/pic/lg/huaweilg/1.jpg'),
(NULL, '26', 'img/products/pic/xs/huaweixs/2.jpg', 'img/products/pic/sm/huaweism/6.jpg', 'img/products/pic/md/huaweimd/2.jpg','img/products/pic/lg/huaweilg/2.jpg'),
(NULL, '26', 'img/products/pic/xs/huaweixs/3.jpg', 'img/products/pic/sm/huaweism/6.jpg', 'img/products/pic/md/huaweimd/3.jpg','img/products/pic/lg/huaweilg/3.jpg'),
(NULL, '26', 'img/products/pic/xs/huaweixs/4.jpg', 'img/products/pic/sm/huaweism/6.jpg', 'img/products/pic/md/huaweimd/4.jpg','img/products/pic/lg/huaweilg/4.jpg'),
(NULL, '26', 'img/products/pic/xs/huaweixs/5.jpg', 'img/products/pic/sm/huaweism/6.jpg', 'img/products/pic/md/huaweimd/5.jpg','img/products/pic/lg/huaweilg/5.jpg'),
(NULL, '27', 'img/products/pic/xs/huaweixs/1.jpg', 'img/products/pic/sm/huaweism/7.jpg', 'img/products/pic/md/huaweimd/1.jpg','img/products/pic/lg/huaweilg/1.jpg'),
(NULL, '27', 'img/products/pic/xs/huaweixs/2.jpg', 'img/products/pic/sm/huaweism/7.jpg', 'img/products/pic/md/huaweimd/2.jpg','img/products/pic/lg/huaweilg/2.jpg'),
(NULL, '27', 'img/products/pic/xs/huaweixs/3.jpg', 'img/products/pic/sm/huaweism/7.jpg', 'img/products/pic/md/huaweimd/3.jpg','img/products/pic/lg/huaweilg/3.jpg'),
(NULL, '27', 'img/products/pic/xs/huaweixs/4.jpg', 'img/products/pic/sm/huaweism/7.jpg', 'img/products/pic/md/huaweimd/4.jpg','img/products/pic/lg/huaweilg/4.jpg'),
(NULL, '27', 'img/products/pic/xs/huaweixs/5.jpg', 'img/products/pic/sm/huaweism/7.jpg', 'img/products/pic/md/huaweimd/5.jpg','img/products/pic/lg/huaweilg/5.jpg'),
(NULL, '28', 'img/products/pic/xs/huaweixs/1.jpg', 'img/products/pic/sm/huaweism/8.jpg', 'img/products/pic/md/huaweimd/1.jpg','img/products/pic/lg/huaweilg/1.jpg'),
(NULL, '28', 'img/products/pic/xs/huaweixs/2.jpg', 'img/products/pic/sm/huaweism/8.jpg', 'img/products/pic/md/huaweimd/2.jpg','img/products/pic/lg/huaweilg/2.jpg'),
(NULL, '28', 'img/products/pic/xs/huaweixs/3.jpg', 'img/products/pic/sm/huaweism/8.jpg', 'img/products/pic/md/huaweimd/3.jpg','img/products/pic/lg/huaweilg/3.jpg'),
(NULL, '28', 'img/products/pic/xs/huaweixs/4.jpg', 'img/products/pic/sm/huaweism/8.jpg', 'img/products/pic/md/huaweimd/4.jpg','img/products/pic/lg/huaweilg/4.jpg'),
(NULL, '28', 'img/products/pic/xs/huaweixs/5.jpg', 'img/products/pic/sm/huaweism/8.jpg', 'img/products/pic/md/huaweimd/5.jpg','img/products/pic/lg/huaweilg/5.jpg'),
(NULL, '29', 'img/products/pic/xs/huaweixs/1.jpg', 'img/products/pic/sm/huaweism/9.jpg', 'img/products/pic/md/huaweimd/1.jpg','img/products/pic/lg/huaweilg/1.jpg'),
(NULL, '29', 'img/products/pic/xs/huaweixs/2.jpg', 'img/products/pic/sm/huaweism/9.jpg', 'img/products/pic/md/huaweimd/2.jpg','img/products/pic/lg/huaweilg/2.jpg'),
(NULL, '29', 'img/products/pic/xs/huaweixs/3.jpg', 'img/products/pic/sm/huaweism/9.jpg', 'img/products/pic/md/huaweimd/3.jpg','img/products/pic/lg/huaweilg/3.jpg'),
(NULL, '29', 'img/products/pic/xs/huaweixs/4.jpg', 'img/products/pic/sm/huaweism/9.jpg', 'img/products/pic/md/huaweimd/4.jpg','img/products/pic/lg/huaweilg/4.jpg'),
(NULL, '29', 'img/products/pic/xs/huaweixs/5.jpg', 'img/products/pic/sm/huaweism/9.jpg', 'img/products/pic/md/huaweimd/5.jpg','img/products/pic/lg/huaweilg/5.jpg'),
(NULL, '30', 'img/products/pic/xs/huaweixs/1.jpg', 'img/products/pic/sm/huaweism/10.jpg', 'img/products/pic/md/huaweimd/1.jpg','img/products/pic/lg/huaweilg/1.jpg'),
(NULL, '30', 'img/products/pic/xs/huaweixs/2.jpg', 'img/products/pic/sm/huaweism/10.jpg', 'img/products/pic/md/huaweimd/2.jpg','img/products/pic/lg/huaweilg/2.jpg'),
(NULL, '30', 'img/products/pic/xs/huaweixs/3.jpg', 'img/products/pic/sm/huaweism/10.jpg', 'img/products/pic/md/huaweimd/3.jpg','img/products/pic/lg/huaweilg/3.jpg'),
(NULL, '30', 'img/products/pic/xs/huaweixs/4.jpg', 'img/products/pic/sm/huaweism/10.jpg', 'img/products/pic/md/huaweimd/4.jpg','img/products/pic/lg/huaweilg/4.jpg'),
(NULL, '30', 'img/products/pic/xs/huaweixs/5.jpg', 'img/products/pic/sm/huaweism/10.jpg', 'img/products/pic/md/huaweimd/5.jpg','img/products/pic/lg/huaweilg/5.jpg'),
(NULL, '31', 'img/products/pic/xs/huaweixs/1.jpg', 'img/products/pic/sm/huaweism/11.jpg', 'img/products/pic/md/huaweimd/1.jpg','img/products/pic/lg/huaweilg/1.jpg'),
(NULL, '31', 'img/products/pic/xs/huaweixs/2.jpg', 'img/products/pic/sm/huaweism/11.jpg', 'img/products/pic/md/huaweimd/2.jpg','img/products/pic/lg/huaweilg/2.jpg'),
(NULL, '31', 'img/products/pic/xs/huaweixs/3.jpg', 'img/products/pic/sm/huaweism/11.jpg', 'img/products/pic/md/huaweimd/3.jpg','img/products/pic/lg/huaweilg/3.jpg'),
(NULL, '31', 'img/products/pic/xs/huaweixs/4.jpg', 'img/products/pic/sm/huaweism/11.jpg', 'img/products/pic/md/huaweimd/4.jpg','img/products/pic/lg/huaweilg/4.jpg'),
(NULL, '31', 'img/products/pic/xs/huaweixs/5.jpg', 'img/products/pic/sm/huaweism/11.jpg', 'img/products/pic/md/huaweimd/5.jpg','img/products/pic/lg/huaweilg/5.jpg'),
(NULL, '32', 'img/products/pic/xs/huaweixs/1.jpg', 'img/products/pic/sm/huaweism/12.jpg', 'img/products/pic/md/huaweimd/1.jpg','img/products/pic/lg/huaweilg/1.jpg'),
(NULL, '32', 'img/products/pic/xs/huaweixs/2.jpg', 'img/products/pic/sm/huaweism/12.jpg', 'img/products/pic/md/huaweimd/2.jpg','img/products/pic/lg/huaweilg/2.jpg'),
(NULL, '32', 'img/products/pic/xs/huaweixs/3.jpg', 'img/products/pic/sm/huaweism/12.jpg', 'img/products/pic/md/huaweimd/3.jpg','img/products/pic/lg/huaweilg/3.jpg'),
(NULL, '32', 'img/products/pic/xs/huaweixs/4.jpg', 'img/products/pic/sm/huaweism/12.jpg', 'img/products/pic/md/huaweimd/4.jpg','img/products/pic/lg/huaweilg/4.jpg'),
(NULL, '32', 'img/products/pic/xs/huaweixs/5.jpg', 'img/products/pic/sm/huaweism/12.jpg', 'img/products/pic/md/huaweimd/5.jpg','img/products/pic/lg/huaweilg/5.jpg'),
(NULL, '33', 'img/products/pic/xs/huaweixs/1.jpg', 'img/products/pic/sm/huaweism/13.jpg', 'img/products/pic/md/huaweimd/1.jpg','img/products/pic/lg/huaweilg/1.jpg'),
(NULL, '33', 'img/products/pic/xs/huaweixs/2.jpg', 'img/products/pic/sm/huaweism/13.jpg', 'img/products/pic/md/huaweimd/2.jpg','img/products/pic/lg/huaweilg/2.jpg'),
(NULL, '33', 'img/products/pic/xs/huaweixs/3.jpg', 'img/products/pic/sm/huaweism/13.jpg', 'img/products/pic/md/huaweimd/3.jpg','img/products/pic/lg/huaweilg/3.jpg'),
(NULL, '33', 'img/products/pic/xs/huaweixs/4.jpg', 'img/products/pic/sm/huaweism/13.jpg', 'img/products/pic/md/huaweimd/4.jpg','img/products/pic/lg/huaweilg/4.jpg'),
(NULL, '33', 'img/products/pic/xs/huaweixs/5.jpg', 'img/products/pic/sm/huaweism/13.jpg', 'img/products/pic/md/huaweimd/5.jpg','img/products/pic/lg/huaweilg/5.jpg'),
(NULL, '34', 'img/products/pic/xs/huaweixs/1.jpg', 'img/products/pic/sm/huaweism/14.jpg', 'img/products/pic/md/huaweimd/1.jpg','img/products/pic/lg/huaweilg/1.jpg'),
(NULL, '34', 'img/products/pic/xs/huaweixs/2.jpg', 'img/products/pic/sm/huaweism/14.jpg', 'img/products/pic/md/huaweimd/2.jpg','img/products/pic/lg/huaweilg/2.jpg'),
(NULL, '34', 'img/products/pic/xs/huaweixs/3.jpg', 'img/products/pic/sm/huaweism/14.jpg', 'img/products/pic/md/huaweimd/3.jpg','img/products/pic/lg/huaweilg/3.jpg'),
(NULL, '34', 'img/products/pic/xs/huaweixs/4.jpg', 'img/products/pic/sm/huaweism/14.jpg', 'img/products/pic/md/huaweimd/4.jpg','img/products/pic/lg/huaweilg/4.jpg'),
(NULL, '34', 'img/products/pic/xs/huaweixs/5.jpg', 'img/products/pic/sm/huaweism/14.jpg', 'img/products/pic/md/huaweimd/5.jpg','img/products/pic/lg/huaweilg/5.jpg'),
(NULL, '35', 'img/products/pic/xs/huaweixs/1.jpg', 'img/products/pic/sm/huaweism/15.jpg', 'img/products/pic/md/huaweimd/1.jpg','img/products/pic/lg/huaweilg/1.jpg'),
(NULL, '35', 'img/products/pic/xs/huaweixs/2.jpg', 'img/products/pic/sm/huaweism/15.jpg', 'img/products/pic/md/huaweimd/2.jpg','img/products/pic/lg/huaweilg/2.jpg'),
(NULL, '35', 'img/products/pic/xs/huaweixs/3.jpg', 'img/products/pic/sm/huaweism/15.jpg', 'img/products/pic/md/huaweimd/3.jpg','img/products/pic/lg/huaweilg/3.jpg'),
(NULL, '35', 'img/products/pic/xs/huaweixs/4.jpg', 'img/products/pic/sm/huaweism/15.jpg', 'img/products/pic/md/huaweimd/4.jpg','img/products/pic/lg/huaweilg/4.jpg'),
(NULL, '35', 'img/products/pic/xs/huaweixs/5.jpg', 'img/products/pic/sm/huaweism/15.jpg', 'img/products/pic/md/huaweimd/5.jpg','img/products/pic/lg/huaweilg/5.jpg'),
(NULL, '36', 'img/products/pic/xs/huaweixs/1.jpg', 'img/products/pic/sm/huaweism/16.jpg', 'img/products/pic/md/huaweimd/1.jpg','img/products/pic/lg/huaweilg/1.jpg'),
(NULL, '36', 'img/products/pic/xs/huaweixs/2.jpg', 'img/products/pic/sm/huaweism/16.jpg', 'img/products/pic/md/huaweimd/2.jpg','img/products/pic/lg/huaweilg/2.jpg'),
(NULL, '36', 'img/products/pic/xs/huaweixs/3.jpg', 'img/products/pic/sm/huaweism/16.jpg', 'img/products/pic/md/huaweimd/3.jpg','img/products/pic/lg/huaweilg/3.jpg'),
(NULL, '36', 'img/products/pic/xs/huaweixs/4.jpg', 'img/products/pic/sm/huaweism/16.jpg', 'img/products/pic/md/huaweimd/4.jpg','img/products/pic/lg/huaweilg/4.jpg'),
(NULL, '36', 'img/products/pic/xs/huaweixs/5.jpg', 'img/products/pic/sm/huaweism/16.jpg', 'img/products/pic/md/huaweimd/5.jpg','img/products/pic/lg/huaweilg/5.jpg'),
(NULL, '37', 'img/products/pic/xs/huaweixs/1.jpg', 'img/products/pic/sm/huaweism/17.jpg', 'img/products/pic/md/huaweimd/1.jpg','img/products/pic/lg/huaweilg/1.jpg'),
(NULL, '37', 'img/products/pic/xs/huaweixs/2.jpg', 'img/products/pic/sm/huaweism/17.jpg', 'img/products/pic/md/huaweimd/2.jpg','img/products/pic/lg/huaweilg/2.jpg'),
(NULL, '37', 'img/products/pic/xs/huaweixs/3.jpg', 'img/products/pic/sm/huaweism/17.jpg', 'img/products/pic/md/huaweimd/3.jpg','img/products/pic/lg/huaweilg/3.jpg'),
(NULL, '37', 'img/products/pic/xs/huaweixs/4.jpg', 'img/products/pic/sm/huaweism/17.jpg', 'img/products/pic/md/huaweimd/4.jpg','img/products/pic/lg/huaweilg/4.jpg'),
(NULL, '37', 'img/products/pic/xs/huaweixs/5.jpg', 'img/products/pic/sm/huaweism/17.jpg', 'img/products/pic/md/huaweimd/5.jpg','img/products/pic/lg/huaweilg/5.jpg'),
(NULL, '38', 'img/products/pic/xs/huaweixs/1.jpg', 'img/products/pic/sm/huaweism/18.jpg', 'img/products/pic/md/huaweimd/1.jpg','img/products/pic/lg/huaweilg/1.jpg'),
(NULL, '38', 'img/products/pic/xs/huaweixs/2.jpg', 'img/products/pic/sm/huaweism/18.jpg', 'img/products/pic/md/huaweimd/2.jpg','img/products/pic/lg/huaweilg/2.jpg'),
(NULL, '38', 'img/products/pic/xs/huaweixs/3.jpg', 'img/products/pic/sm/huaweism/18.jpg', 'img/products/pic/md/huaweimd/3.jpg','img/products/pic/lg/huaweilg/3.jpg'),
(NULL, '38', 'img/products/pic/xs/huaweixs/4.jpg', 'img/products/pic/sm/huaweism/18.jpg', 'img/products/pic/md/huaweimd/4.jpg','img/products/pic/lg/huaweilg/4.jpg'),
(NULL, '38', 'img/products/pic/xs/huaweixs/5.jpg', 'img/products/pic/sm/huaweism/18.jpg', 'img/products/pic/md/huaweimd/5.jpg','img/products/pic/lg/huaweilg/5.jpg'),
(NULL, '39', 'img/products/pic/xs/huaweixs/1.jpg', 'img/products/pic/sm/huaweism/19.jpg', 'img/products/pic/md/huaweimd/1.jpg','img/products/pic/lg/huaweilg/1.jpg'),
(NULL, '39', 'img/products/pic/xs/huaweixs/2.jpg', 'img/products/pic/sm/huaweism/19.jpg', 'img/products/pic/md/huaweimd/2.jpg','img/products/pic/lg/huaweilg/2.jpg'),
(NULL, '39', 'img/products/pic/xs/huaweixs/3.jpg', 'img/products/pic/sm/huaweism/19.jpg', 'img/products/pic/md/huaweimd/3.jpg','img/products/pic/lg/huaweilg/3.jpg'),
(NULL, '39', 'img/products/pic/xs/huaweixs/4.jpg', 'img/products/pic/sm/huaweism/19.jpg', 'img/products/pic/md/huaweimd/4.jpg','img/products/pic/lg/huaweilg/4.jpg'),
(NULL, '39', 'img/products/pic/xs/huaweixs/5.jpg', 'img/products/pic/sm/huaweism/19.jpg', 'img/products/pic/md/huaweimd/5.jpg','img/products/pic/lg/huaweilg/5.jpg'),
(NULL, '40', 'img/products/pic/xs/huaweixs/1.jpg', 'img/products/pic/sm/huaweism/20.jpg', 'img/products/pic/md/huaweimd/1.jpg','img/products/pic/lg/huaweilg/1.jpg'),
(NULL, '40', 'img/products/pic/xs/huaweixs/2.jpg', 'img/products/pic/sm/huaweism/20.jpg', 'img/products/pic/md/huaweimd/2.jpg','img/products/pic/lg/huaweilg/2.jpg'),
(NULL, '40', 'img/products/pic/xs/huaweixs/3.jpg', 'img/products/pic/sm/huaweism/20.jpg', 'img/products/pic/md/huaweimd/3.jpg','img/products/pic/lg/huaweilg/3.jpg'),
(NULL, '40', 'img/products/pic/xs/huaweixs/4.jpg', 'img/products/pic/sm/huaweism/20.jpg', 'img/products/pic/md/huaweimd/4.jpg','img/products/pic/lg/huaweilg/4.jpg'),
(NULL, '40', 'img/products/pic/xs/huaweixs/5.jpg', 'img/products/pic/sm/huaweism/20.jpg', 'img/products/pic/md/huaweimd/5.jpg','img/products/pic/lg/huaweilg/5.jpg'),

(NULL, '41', 'img/products/pic/xs/oppoxs/1.jpg', 'img/products/pic/sm/opposm/1.jpg', 'img/products/pic/md/oppomd/1.jpg','img/products/pic/lg/oppolg/1.jpg'),
(NULL, '41', 'img/products/pic/xs/oppoxs/2.jpg', 'img/products/pic/sm/opposm/1.jpg', 'img/products/pic/md/oppomd/2.jpg','img/products/pic/lg/oppolg/2.jpg'),
(NULL, '41', 'img/products/pic/xs/oppoxs/3.jpg', 'img/products/pic/sm/opposm/1.jpg', 'img/products/pic/md/oppomd/3.jpg','img/products/pic/lg/oppolg/3.jpg'),
(NULL, '42', 'img/products/pic/xs/oppoxs/1.jpg', 'img/products/pic/sm/opposm/2.jpg', 'img/products/pic/md/oppomd/1.jpg','img/products/pic/lg/oppolg/1.jpg'),
(NULL, '42', 'img/products/pic/xs/oppoxs/2.jpg', 'img/products/pic/sm/opposm/2.jpg', 'img/products/pic/md/oppomd/2.jpg','img/products/pic/lg/oppolg/2.jpg'),
(NULL, '42', 'img/products/pic/xs/oppoxs/3.jpg', 'img/products/pic/sm/opposm/2.jpg', 'img/products/pic/md/oppomd/3.jpg','img/products/pic/lg/oppolg/3.jpg'),
(NULL, '43', 'img/products/pic/xs/oppoxs/1.jpg', 'img/products/pic/sm/opposm/3.jpg', 'img/products/pic/md/oppomd/1.jpg','img/products/pic/lg/oppolg/1.jpg'),
(NULL, '43', 'img/products/pic/xs/oppoxs/2.jpg', 'img/products/pic/sm/opposm/3.jpg', 'img/products/pic/md/oppomd/2.jpg','img/products/pic/lg/oppolg/2.jpg'),
(NULL, '43', 'img/products/pic/xs/oppoxs/3.jpg', 'img/products/pic/sm/opposm/3.jpg', 'img/products/pic/md/oppomd/3.jpg','img/products/pic/lg/oppolg/3.jpg'),
(NULL, '44', 'img/products/pic/xs/oppoxs/1.jpg', 'img/products/pic/sm/opposm/4.jpg', 'img/products/pic/md/oppomd/1.jpg','img/products/pic/lg/oppolg/1.jpg'),
(NULL, '44', 'img/products/pic/xs/oppoxs/2.jpg', 'img/products/pic/sm/opposm/4.jpg', 'img/products/pic/md/oppomd/2.jpg','img/products/pic/lg/oppolg/2.jpg'),
(NULL, '44', 'img/products/pic/xs/oppoxs/3.jpg', 'img/products/pic/sm/opposm/4.jpg', 'img/products/pic/md/oppomd/3.jpg','img/products/pic/lg/oppolg/3.jpg'),
(NULL, '45', 'img/products/pic/xs/oppoxs/1.jpg', 'img/products/pic/sm/opposm/5.jpg', 'img/products/pic/md/oppomd/1.jpg','img/products/pic/lg/oppolg/1.jpg'),
(NULL, '45', 'img/products/pic/xs/oppoxs/2.jpg', 'img/products/pic/sm/opposm/5.jpg', 'img/products/pic/md/oppomd/2.jpg','img/products/pic/lg/oppolg/2.jpg'),
(NULL, '45', 'img/products/pic/xs/oppoxs/3.jpg', 'img/products/pic/sm/opposm/5.jpg', 'img/products/pic/md/oppomd/3.jpg','img/products/pic/lg/oppolg/3.jpg'),
(NULL, '46', 'img/products/pic/xs/oppoxs/1.jpg', 'img/products/pic/sm/opposm/6.jpg', 'img/products/pic/md/oppomd/1.jpg','img/products/pic/lg/oppolg/1.jpg'),
(NULL, '46', 'img/products/pic/xs/oppoxs/2.jpg', 'img/products/pic/sm/opposm/6.jpg', 'img/products/pic/md/oppomd/2.jpg','img/products/pic/lg/oppolg/2.jpg'),
(NULL, '46', 'img/products/pic/xs/oppoxs/3.jpg', 'img/products/pic/sm/opposm/6.jpg', 'img/products/pic/md/oppomd/3.jpg','img/products/pic/lg/oppolg/3.jpg'),
(NULL, '47', 'img/products/pic/xs/oppoxs/1.jpg', 'img/products/pic/sm/opposm/7.jpg', 'img/products/pic/md/oppomd/1.jpg','img/products/pic/lg/oppolg/1.jpg'),
(NULL, '47', 'img/products/pic/xs/oppoxs/2.jpg', 'img/products/pic/sm/opposm/7.jpg', 'img/products/pic/md/oppomd/2.jpg','img/products/pic/lg/oppolg/2.jpg'),
(NULL, '47', 'img/products/pic/xs/oppoxs/3.jpg', 'img/products/pic/sm/opposm/7.jpg', 'img/products/pic/md/oppomd/3.jpg','img/products/pic/lg/oppolg/3.jpg'),
(NULL, '48', 'img/products/pic/xs/oppoxs/1.jpg', 'img/products/pic/sm/opposm/8.jpg', 'img/products/pic/md/oppomd/1.jpg','img/products/pic/lg/oppolg/1.jpg'),
(NULL, '48', 'img/products/pic/xs/oppoxs/2.jpg', 'img/products/pic/sm/opposm/8.jpg', 'img/products/pic/md/oppomd/2.jpg','img/products/pic/lg/oppolg/2.jpg'),
(NULL, '48', 'img/products/pic/xs/oppoxs/3.jpg', 'img/products/pic/sm/opposm/8.jpg', 'img/products/pic/md/oppomd/3.jpg','img/products/pic/lg/oppolg/3.jpg'),
(NULL, '49', 'img/products/pic/xs/oppoxs/1.jpg', 'img/products/pic/sm/opposm/9.jpg', 'img/products/pic/md/oppomd/1.jpg','img/products/pic/lg/oppolg/1.jpg'),
(NULL, '49', 'img/products/pic/xs/oppoxs/2.jpg', 'img/products/pic/sm/opposm/9.jpg', 'img/products/pic/md/oppomd/2.jpg','img/products/pic/lg/oppolg/2.jpg'),
(NULL, '49', 'img/products/pic/xs/oppoxs/3.jpg', 'img/products/pic/sm/opposm/9.jpg', 'img/products/pic/md/oppomd/3.jpg','img/products/pic/lg/oppolg/3.jpg'),
(NULL, '50', 'img/products/pic/xs/oppoxs/1.jpg', 'img/products/pic/sm/opposm/10.jpg', 'img/products/pic/md/oppomd/1.jpg','img/products/pic/lg/oppolg/1.jpg'),
(NULL, '50', 'img/products/pic/xs/oppoxs/2.jpg', 'img/products/pic/sm/opposm/10.jpg', 'img/products/pic/md/oppomd/2.jpg','img/products/pic/lg/oppolg/2.jpg'),
(NULL, '50', 'img/products/pic/xs/oppoxs/3.jpg', 'img/products/pic/sm/opposm/10.jpg', 'img/products/pic/md/oppomd/3.jpg','img/products/pic/lg/oppolg/3.jpg'),
(NULL, '51', 'img/products/pic/xs/oppoxs/1.jpg', 'img/products/pic/sm/opposm/11.jpg', 'img/products/pic/md/oppomd/1.jpg','img/products/pic/lg/oppolg/1.jpg'),
(NULL, '51', 'img/products/pic/xs/oppoxs/2.jpg', 'img/products/pic/sm/opposm/11.jpg', 'img/products/pic/md/oppomd/2.jpg','img/products/pic/lg/oppolg/2.jpg'),
(NULL, '51', 'img/products/pic/xs/oppoxs/3.jpg', 'img/products/pic/sm/opposm/11.jpg', 'img/products/pic/md/oppomd/3.jpg','img/products/pic/lg/oppolg/3.jpg'),
(NULL, '52', 'img/products/pic/xs/oppoxs/1.jpg', 'img/products/pic/sm/opposm/12.jpg', 'img/products/pic/md/oppomd/1.jpg','img/products/pic/lg/oppolg/1.jpg'),
(NULL, '52', 'img/products/pic/xs/oppoxs/2.jpg', 'img/products/pic/sm/opposm/12.jpg', 'img/products/pic/md/oppomd/2.jpg','img/products/pic/lg/oppolg/2.jpg'),
(NULL, '52', 'img/products/pic/xs/oppoxs/3.jpg', 'img/products/pic/sm/opposm/12.jpg', 'img/products/pic/md/oppomd/3.jpg','img/products/pic/lg/oppolg/3.jpg'),
(NULL, '53', 'img/products/pic/xs/oppoxs/1.jpg', 'img/products/pic/sm/opposm/13.jpg', 'img/products/pic/md/oppomd/1.jpg','img/products/pic/lg/oppolg/1.jpg'),
(NULL, '53', 'img/products/pic/xs/oppoxs/2.jpg', 'img/products/pic/sm/opposm/13.jpg', 'img/products/pic/md/oppomd/2.jpg','img/products/pic/lg/oppolg/2.jpg'),
(NULL, '53', 'img/products/pic/xs/oppoxs/3.jpg', 'img/products/pic/sm/opposm/13.jpg', 'img/products/pic/md/oppomd/3.jpg','img/products/pic/lg/oppolg/3.jpg'),
(NULL, '54', 'img/products/pic/xs/oppoxs/1.jpg', 'img/products/pic/sm/opposm/14.jpg', 'img/products/pic/md/oppomd/1.jpg','img/products/pic/lg/oppolg/1.jpg'),
(NULL, '54', 'img/products/pic/xs/oppoxs/2.jpg', 'img/products/pic/sm/opposm/14.jpg', 'img/products/pic/md/oppomd/2.jpg','img/products/pic/lg/oppolg/2.jpg'),
(NULL, '54', 'img/products/pic/xs/oppoxs/3.jpg', 'img/products/pic/sm/opposm/14.jpg', 'img/products/pic/md/oppomd/3.jpg','img/products/pic/lg/oppolg/3.jpg'),
(NULL, '55', 'img/products/pic/xs/oppoxs/1.jpg', 'img/products/pic/sm/opposm/15.jpg', 'img/products/pic/md/oppomd/1.jpg','img/products/pic/lg/oppolg/1.jpg'),
(NULL, '55', 'img/products/pic/xs/oppoxs/2.jpg', 'img/products/pic/sm/opposm/15.jpg', 'img/products/pic/md/oppomd/2.jpg','img/products/pic/lg/oppolg/2.jpg'),
(NULL, '55', 'img/products/pic/xs/oppoxs/3.jpg', 'img/products/pic/sm/opposm/15.jpg', 'img/products/pic/md/oppomd/3.jpg','img/products/pic/lg/oppolg/3.jpg'),
(NULL, '56', 'img/products/pic/xs/oppoxs/1.jpg', 'img/products/pic/sm/opposm/16.jpg', 'img/products/pic/md/oppomd/1.jpg','img/products/pic/lg/oppolg/1.jpg'),
(NULL, '56', 'img/products/pic/xs/oppoxs/2.jpg', 'img/products/pic/sm/opposm/16.jpg', 'img/products/pic/md/oppomd/2.jpg','img/products/pic/lg/oppolg/2.jpg'),
(NULL, '56', 'img/products/pic/xs/oppoxs/3.jpg', 'img/products/pic/sm/opposm/16.jpg', 'img/products/pic/md/oppomd/3.jpg','img/products/pic/lg/oppolg/3.jpg'),
(NULL, '57', 'img/products/pic/xs/oppoxs/1.jpg', 'img/products/pic/sm/opposm/17.jpg', 'img/products/pic/md/oppomd/1.jpg','img/products/pic/lg/oppolg/1.jpg'),
(NULL, '57', 'img/products/pic/xs/oppoxs/2.jpg', 'img/products/pic/sm/opposm/17.jpg', 'img/products/pic/md/oppomd/2.jpg','img/products/pic/lg/oppolg/2.jpg'),
(NULL, '57', 'img/products/pic/xs/oppoxs/3.jpg', 'img/products/pic/sm/opposm/17.jpg', 'img/products/pic/md/oppomd/3.jpg','img/products/pic/lg/oppolg/3.jpg'),
(NULL, '58', 'img/products/pic/xs/oppoxs/1.jpg', 'img/products/pic/sm/opposm/18.jpg', 'img/products/pic/md/oppomd/1.jpg','img/products/pic/lg/oppolg/1.jpg'),
(NULL, '58', 'img/products/pic/xs/oppoxs/2.jpg', 'img/products/pic/sm/opposm/18.jpg', 'img/products/pic/md/oppomd/2.jpg','img/products/pic/lg/oppolg/2.jpg'),
(NULL, '58', 'img/products/pic/xs/oppoxs/3.jpg', 'img/products/pic/sm/opposm/18.jpg', 'img/products/pic/md/oppomd/3.jpg','img/products/pic/lg/oppolg/3.jpg'),
(NULL, '59', 'img/products/pic/xs/oppoxs/1.jpg', 'img/products/pic/sm/opposm/19.jpg', 'img/products/pic/md/oppomd/1.jpg','img/products/pic/lg/oppolg/1.jpg'),
(NULL, '59', 'img/products/pic/xs/oppoxs/2.jpg', 'img/products/pic/sm/opposm/19.jpg', 'img/products/pic/md/oppomd/2.jpg','img/products/pic/lg/oppolg/2.jpg'),
(NULL, '59', 'img/products/pic/xs/oppoxs/3.jpg', 'img/products/pic/sm/opposm/19.jpg', 'img/products/pic/md/oppomd/3.jpg','img/products/pic/lg/oppolg/3.jpg'),
(NULL, '60', 'img/products/pic/xs/oppoxs/1.jpg', 'img/products/pic/sm/opposm/20.jpg', 'img/products/pic/md/oppomd/1.jpg','img/products/pic/lg/oppolg/1.jpg'),
(NULL, '60', 'img/products/pic/xs/oppoxs/2.jpg', 'img/products/pic/sm/opposm/20.jpg', 'img/products/pic/md/oppomd/2.jpg','img/products/pic/lg/oppolg/2.jpg'),
(NULL, '60', 'img/products/pic/xs/oppoxs/3.jpg', 'img/products/pic/sm/opposm/20.jpg', 'img/products/pic/md/oppomd/3.jpg','img/products/pic/lg/oppolg/3.jpg');

#购物车表
CREATE TABLE hzy_shoppingcart_item (
     cid int(11) PRIMARY KEY auto_increment,
     uiid int(11),
     liid int(11),
     count int(11),
     is_checked tinyint(1)
)


